state,metric,score_29th,score_30th,score_change
Washington,admin_disbursement_perlm,1.371654499717176,3.722288192974413,2.350633693257237
Delaware,admin_disbursement_perlm,2.095477938150119,2.544347560531103,0.4488696223809838
New York,admin_disbursement_perlm,1.618618757774668,1.17755094618729,-0.44106781158737807
Alabama,admin_disbursement_perlm,1.499839526846228,1.068293229407247,-0.431546297438981
Vermont,admin_disbursement_perlm,3.009082439395557,3.421792447791801,0.41271000839624383
South Dakota,admin_disbursement_perlm,1.791699252955132,1.409929881364821,-0.3817693715903112
New Mexico,admin_disbursement_perlm,2.328513863643056,2.01870972523815,-0.30980413840490595
Illinois,admin_disbursement_perlm,0.8566220360385857,0.547811279101551,-0.30881075693703464
Tennessee,admin_disbursement_perlm,0.8026123638939042,1.107325135554407,0.3047127716605027
California,admin_disbursement_perlm,1.14554833149121,0.8720217750938961,-0.27352655639731394
Texas,admin_disbursement_perlm,1.218317613049136,0.9677531167971859,-0.2505644962519501
Ohio,admin_disbursement_perlm,0.9145738474256512,0.6851165804681224,-0.22945726695752877
Utah,admin_disbursement_perlm,0.6702506537330017,0.4475734492434955,-0.22267720448950623
Colorado,admin_disbursement_perlm,1.078767124681877,0.8787145687962891,-0.200052555885588
Maryland,admin_disbursement_perlm,1.210376185983448,1.010847819543718,-0.19952836643973004
Minnesota,admin_disbursement_perlm,1.068919053911298,1.264193880306428,0.19527482639513005
Michigan,admin_disbursement_perlm,0.5078059877002319,0.3210095730597318,-0.18679641464050006
Montana,admin_disbursement_perlm,0.8923365303699624,1.076590393754909,0.18425386338494665
Massachusetts,admin_disbursement_perlm,1.292981409076074,1.470859917217147,0.17787850814107298
Rhode Island,admin_disbursement_perlm,0.6021157448222753,0.4362939261236812,-0.16582181869859408
New Hampshire,admin_disbursement_perlm,2.063536464219674,1.900824339768765,-0.16271212445090888
Georgia,admin_disbursement_perlm,0.809400540264168,0.6591909716817467,-0.1502095685824213
Oklahoma,admin_disbursement_perlm,1.536831704864293,1.681212865493181,0.14438116062888806
North Carolina,admin_disbursement_perlm,0.1524869193927312,0.2847888724812444,0.1323019530885132
Hawaii,admin_disbursement_perlm,0.8948901261695145,0.768995385602662,-0.12589474056685246
Connecticut,admin_disbursement_perlm,0.5519123946396213,0.4267652440308357,-0.12514715060878556
Wisconsin,admin_disbursement_perlm,0.7545286922937608,0.8555639041605829,0.10103521186682207
New Jersey,admin_disbursement_perlm,1.045731251457565,0.9556588735623256,-0.09007237789523936
North Dakota,admin_disbursement_perlm,0.4072562490157211,0.3201300930854038,-0.0871261559303173
Alaska,admin_disbursement_perlm,0.7291676258689515,0.8157958659342739,0.08662824006532244
Mississippi,admin_disbursement_perlm,0.3547102048853112,0.2681029028675932,-0.08660730201771799
Arkansas,admin_disbursement_perlm,0.3045603641223378,0.3907035999899492,0.08614323586761141
Indiana,admin_disbursement_perlm,0.5662203057184089,0.4895346157995201,-0.07668568991888874
Pennsylvania,admin_disbursement_perlm,0.547544384411139,0.6107596728452084,0.06321528843406943
Florida,admin_disbursement_perlm,0.6527913909429419,0.5938113723761771,-0.058980018566764825
West Virginia,admin_disbursement_perlm,0.3421727982302419,0.3992973576616233,0.057124559431381394
Arizona,admin_disbursement_perlm,2.368469444871838,2.31600345585642,-0.05246598901541821
South Carolina,admin_disbursement_perlm,0.1771522111885827,0.1250366628934477,-0.05211554829513501
Virginia,admin_disbursement_perlm,0.4575686300745217,0.412194785643352,-0.04537384443116971
Nevada,admin_disbursement_perlm,2.706161982978598,2.66757893559938,-0.038583047379217916
Louisiana,admin_disbursement_perlm,0.152286605939051,0.1152372680393898,-0.037049337899661194
Idaho,admin_disbursement_perlm,0.544227916268833,0.5082605971298633,-0.03596731913896978
Wyoming,admin_disbursement_perlm,0.5176986370834736,0.4913298995084783,-0.02636873757499536
Oregon,admin_disbursement_perlm,1.410039276362879,1.385355915079736,-0.02468336128314297
Nebraska,admin_disbursement_perlm,0.8329701163345267,0.812534953879067,-0.02043516245545962
Maine,admin_disbursement_perlm,0.4713419486192916,0.4858970008332896,0.014555052213998054
Kentucky,admin_disbursement_perlm,0.1056872857145292,0.1001811444043666,-0.00550614131016261
Kansas,admin_disbursement_perlm,1.100235532324545,1.094954931277779,-0.005280601046765865
Iowa,admin_disbursement_perlm,0.8470905795282542,0.8489598603162002,0.001869280787946015
Missouri,admin_disbursement_perlm,0.1842100386110946,0.18544443507352,0.0012343964624253745
New York,capital_disbursement_perlm,1.537948613264814,1.064330712921112,-0.473617900343702
Maryland,capital_disbursement_perlm,0.8173109659194101,1.258471110305145,0.4411601443857348
Nevada,capital_disbursement_perlm,1.234485629906557,1.57142784010381,0.336942210197253
Oregon,capital_disbursement_perlm,1.282426243763672,1.001944123653391,-0.28048212011028095
Idaho,capital_disbursement_perlm,1.629491801643169,1.903866931135112,0.274375129491943
Utah,capital_disbursement_perlm,1.157328589194561,1.410304510885694,0.2529759216911329
Vermont,capital_disbursement_perlm,1.241814252361105,1.004498761508895,-0.23731549085221015
Michigan,capital_disbursement_perlm,1.268037121055683,1.052268849643543,-0.21576827141213983
Wisconsin,capital_disbursement_perlm,1.084609836189049,0.869383015528097,-0.215226820660952
Georgia,capital_disbursement_perlm,0.6345552973669654,0.8439399658314874,0.20938466846452208
Minnesota,capital_disbursement_perlm,1.142262347909134,0.9571005281452267,-0.18516181976390733
North Carolina,capital_disbursement_perlm,0.6141164711404091,0.4377707812455313,-0.1763456898948778
South Dakota,capital_disbursement_perlm,1.010590732162272,1.184133811996755,0.17354307983448303
Kansas,capital_disbursement_perlm,1.583115032249738,1.411604992966,-0.1715100392837381
Texas,capital_disbursement_perlm,1.180796763520902,1.34551953000623,0.1647227664853279
Rhode Island,capital_disbursement_perlm,1.114150987487316,0.9778290977292766,-0.13632188975803927
Montana,capital_disbursement_perlm,0.6896801725020204,0.8257996115265377,0.13611943902451729
Washington,capital_disbursement_perlm,2.157565293330131,2.287372264251308,0.1298069709211771
Colorado,capital_disbursement_perlm,1.061249130099671,1.189360955491203,0.1281118253915321
New Jersey,capital_disbursement_perlm,1.430811071116173,1.558440704508274,0.12762963339210098
Louisiana,capital_disbursement_perlm,0.6723864256683199,0.7872213258196821,0.11483490015136222
West Virginia,capital_disbursement_perlm,0.4704031126230719,0.583666729873337,0.11326361725026513
Wyoming,capital_disbursement_perlm,0.9784832287417706,0.8652452907667625,-0.11323793797500814
New Hampshire,capital_disbursement_perlm,0.7626808249984772,0.656652897010657,-0.10602792798782024
Mississippi,capital_disbursement_perlm,0.8214612084526683,0.7308656121853143,-0.09059559626735403
Oklahoma,capital_disbursement_perlm,1.244834679405041,1.331552448785066,0.08671776938002518
Tennessee,capital_disbursement_perlm,0.710078248939179,0.6284304821946607,-0.08164776674451835
Hawaii,capital_disbursement_perlm,0.6221461037227008,0.5433057786400675,-0.07884032508263339
Nebraska,capital_disbursement_perlm,1.041647138743044,0.9647851661491209,-0.07686197259392302
California,capital_disbursement_perlm,1.304210674342704,1.378984610528198,0.074773936185494
Florida,capital_disbursement_perlm,1.388000847412943,1.314554393680396,-0.07344645373254699
Alabama,capital_disbursement_perlm,0.6502104372771503,0.581177297671072,-0.06903313960607838
North Dakota,capital_disbursement_perlm,1.093997767117648,1.151013234069578,0.05701546695193005
Missouri,capital_disbursement_perlm,0.4677119836560227,0.5179569558039461,0.050244972147923395
Connecticut,capital_disbursement_perlm,0.7836172353732792,0.8338326742691183,0.050215438895839126
Kentucky,capital_disbursement_perlm,0.6878922508492875,0.6471033473135243,-0.040788903535763255
Massachusetts,capital_disbursement_perlm,0.5066355152206378,0.5417594105059171,0.03512389528527937
Arkansas,capital_disbursement_perlm,0.9458277236333565,0.9111201229159042,-0.03470760071745238
Indiana,capital_disbursement_perlm,1.540887996015353,1.574741201059576,0.03385320504422307
Pennsylvania,capital_disbursement_perlm,0.59254970673363,0.6195731135252381,0.027023406791608084
Alaska,capital_disbursement_perlm,1.670736585277458,1.643760048975517,-0.026976536301940968
Delaware,capital_disbursement_perlm,0.4989890588004958,0.5259637644343643,0.0269747056338685
Maine,capital_disbursement_perlm,0.8458561506883028,0.8728106445165316,0.026954493828228787
Virginia,capital_disbursement_perlm,0.4026890607413912,0.4250604424379928,0.022371381696601578
Iowa,capital_disbursement_perlm,1.336108038360738,1.316268772935354,-0.019839265425384056
Arizona,capital_disbursement_perlm,1.084766145957198,1.066337983114169,-0.01842816284302895
Illinois,capital_disbursement_perlm,1.226943890416028,1.244652904786273,0.01770901437024519
South Carolina,capital_disbursement_perlm,0.3362734707595961,0.3446916843023033,0.008418213542707165
New Mexico,capital_disbursement_perlm,0.6487263279031714,0.6403119248380472,-0.008414403065124199
Ohio,capital_disbursement_perlm,0.627820853666015,0.6247535139532698,-0.0030673397127451985
Washington,maintenance_disbursement_perlm,2.443057457728681,1.373288307608816,-1.0697691501198652
Vermont,maintenance_disbursement_perlm,2.201520246646713,3.079278228327076,0.8777579816803627
Alaska,maintenance_disbursement_perlm,1.65258610149878,0.9961562840732083,-0.6564298174255716
Massachusetts,maintenance_disbursement_perlm,0.6677678642534898,1.223897128104275,0.5561292638507852
Delaware,maintenance_disbursement_perlm,1.291504107711712,0.8476644451925348,-0.44383966251917717
South Dakota,maintenance_disbursement_perlm,1.310095596206791,0.8688386440829247,-0.4412569521238664
New Jersey,maintenance_disbursement_perlm,1.420617167755567,0.9975921233714055,-0.42302504438416155
New York,maintenance_disbursement_perlm,2.113792396725938,2.425667366298688,0.31187496957275007
Georgia,maintenance_disbursement_perlm,0.6492712952062942,0.9576218489947945,0.3083505537885003
North Carolina,maintenance_disbursement_perlm,0.4739318649651817,0.7750828105130357,0.30115094554785404
Utah,maintenance_disbursement_perlm,1.230955850173829,0.9732727606233044,-0.25768308955052455
Oregon,maintenance_disbursement_perlm,1.363576194652971,1.114061258985892,-0.24951493566707894
New Hampshire,maintenance_disbursement_perlm,0.8708728950170606,1.096213937584206,0.22534104256714538
Minnesota,maintenance_disbursement_perlm,1.427741394835257,1.221587142525308,-0.2061542523099491
Tennessee,maintenance_disbursement_perlm,0.6981941982904856,0.8970353387698082,0.19884114047932266
Rhode Island,maintenance_disbursement_perlm,0.9152319900115583,0.755353136870761,-0.1598788531407973
Nevada,maintenance_disbursement_perlm,0.9992161380001934,1.141802323866587,0.1425861858663937
Louisiana,maintenance_disbursement_perlm,0.8550378597055992,0.9908961567932216,0.13585829708762243
Indiana,maintenance_disbursement_perlm,2.364323098047044,2.494927143167036,0.13060404511999213
Pennsylvania,maintenance_disbursement_perlm,0.7537165307460206,0.8796362066582104,0.12591967591218978
California,maintenance_disbursement_perlm,1.629384305388794,1.754904346716121,0.12552004132732697
Texas,maintenance_disbursement_perlm,0.7900842080061143,0.9134618452642195,0.12337763725810513
Connecticut,maintenance_disbursement_perlm,0.625483910902737,0.5032741395340077,-0.12220977136872935
North Dakota,maintenance_disbursement_perlm,0.5027898723200735,0.3817300845618216,-0.12105978775825194
Illinois,maintenance_disbursement_perlm,0.7237743615418939,0.8399839659227172,0.11620960438082328
Virginia,maintenance_disbursement_perlm,0.8570944333876543,0.9674892780018807,0.11039484461422633
Kentucky,maintenance_disbursement_perlm,0.8067054933429391,0.721854455418967,-0.08485103792397208
Hawaii,maintenance_disbursement_perlm,0.5247433656771476,0.4462644262445597,-0.07847893943258794
Florida,maintenance_disbursement_perlm,1.070833962240668,1.002358466472828,-0.06847549576783996
Maine,maintenance_disbursement_perlm,1.191347206178473,1.126217673719951,-0.06512953245852193
Montana,maintenance_disbursement_perlm,1.165876059406354,1.104906528652272,-0.06096953075408207
West Virginia,maintenance_disbursement_perlm,0.6696708713493378,0.7303946432624429,0.060723771913105073
South Carolina,maintenance_disbursement_perlm,0.3443811726601437,0.3970482646232485,0.05266709196310482
Colorado,maintenance_disbursement_perlm,1.053207076273022,1.104844203368774,0.05163712709575208
Mississippi,maintenance_disbursement_perlm,0.3397889116688642,0.3894055972791478,0.049616685610283595
Idaho,maintenance_disbursement_perlm,1.091236486760522,1.133617731920439,0.042381245159917036
Missouri,maintenance_disbursement_perlm,0.6043386596299843,0.645573519061122,0.041234859431137694
Maryland,maintenance_disbursement_perlm,1.046539310469938,1.083216779362424,0.03667746889248602
Wyoming,maintenance_disbursement_perlm,0.8739794612972229,0.8424417484674313,-0.031537712829791675
Kansas,maintenance_disbursement_perlm,0.7820156926932499,0.8124728565480062,0.030457163854756275
Wisconsin,maintenance_disbursement_perlm,0.6671946826394978,0.6932804788582578,0.02608579621876006
Michigan,maintenance_disbursement_perlm,0.7247244307226762,0.703426269296964,-0.02129816142571228
New Mexico,maintenance_disbursement_perlm,0.3756897318220472,0.3955502521182171,0.019860520296169915
Nebraska,maintenance_disbursement_perlm,0.9321248547665518,0.9510543259612012,0.018929471194649383
Iowa,maintenance_disbursement_perlm,0.8371688422021895,0.8195691458823738,-0.017599696319815616
Oklahoma,maintenance_disbursement_perlm,2.293282965717744,2.279054083086991,-0.01422888263075306
Ohio,maintenance_disbursement_perlm,0.4583367777678039,0.4721042346363862,0.013767456868582273
Alabama,maintenance_disbursement_perlm,0.08253081004201238,0.09044982193128255,0.007919011889270175
Arkansas,maintenance_disbursement_perlm,0.440277781040534,0.4423270153204006,0.0020492342798665852
Arizona,maintenance_disbursement_perlm,0.6353241536784758,0.6368240883216796,0.0014999346432037486
Kansas,other_disbursement_perlm,1.942408494794886,3.679793821809112,1.7373853270142259
Washington,other_disbursement_perlm,3.552237757270607,4.884562462193406,1.332324704922799
Idaho,other_disbursement_perlm,1.845385329631515,1.067121333690954,-0.7782639959405611
California,other_disbursement_perlm,2.14684746469207,1.478503991133346,-0.6683434735587239
Utah,other_disbursement_perlm,1.653297010800054,1.028794854312139,-0.624502156487915
Louisiana,other_disbursement_perlm,0.9626668352297851,0.3829849766430218,-0.5796818585867634
Arizona,other_disbursement_perlm,1.189016709410239,1.700070249601834,0.511053540191595
Minnesota,other_disbursement_perlm,1.366345514227359,1.855265144785831,0.488919630558472
Oklahoma,other_disbursement_perlm,1.879486515397073,1.402053986637626,-0.477432528759447
Arkansas,other_disbursement_perlm,0.760324411820306,0.3167269599855835,-0.4435974518347225
Texas,other_disbursement_perlm,0.9814003288984161,1.366707406314812,0.3853070774163958
Colorado,other_disbursement_perlm,0.6627254886268301,0.9739404538803551,0.311214965253525
Pennsylvania,other_disbursement_perlm,1.427034128437979,1.153196537384685,-0.27383759105329397
New Jersey,other_disbursement_perlm,1.540122714284886,1.739538513521424,0.19941579923653818
Alaska,other_disbursement_perlm,0.8254884232784953,0.6516496839366721,-0.17383873934182315
Rhode Island,other_disbursement_perlm,0.4764908174799964,0.3159952712315088,-0.1604955462484876
New Mexico,other_disbursement_perlm,0.9091540997378189,0.7501223319957364,-0.1590317677420825
Ohio,other_disbursement_perlm,0.6248545752838646,0.4680229830217069,-0.15683159226215765
Delaware,other_disbursement_perlm,0.7220843616682547,0.8753044311214823,0.15322006945322753
Maryland,other_disbursement_perlm,1.690702025055796,1.538742023810754,-0.15196000124504194
Michigan,other_disbursement_perlm,0.6916684680623589,0.5471764420604555,-0.14449202600190347
Alabama,other_disbursement_perlm,0.3529880884958834,0.2155470273512655,-0.13744106114461793
Montana,other_disbursement_perlm,0.8963057430743514,0.7603879886187158,-0.1359177544556356
Massachusetts,other_disbursement_perlm,0.4696098979516736,0.5929257361091261,0.1233158381574525
Wisconsin,other_disbursement_perlm,2.118682587927029,2.235424562700156,0.11674197477312687
Florida,other_disbursement_perlm,0.5389037474330423,0.4229156193981897,-0.11598812803485253
Virginia,other_disbursement_perlm,0.3522272176062156,0.466758744579316,0.11453152697310037
Iowa,other_disbursement_perlm,0.6839033119456941,0.5774957165281422,-0.10640759541755185
North Dakota,other_disbursement_perlm,0.8493727302035224,0.7509879344493596,-0.09838479575416281
New Hampshire,other_disbursement_perlm,0.6865031388866196,0.5881648038534175,-0.0983383350332021
South Dakota,other_disbursement_perlm,0.7465365505483805,0.8440146386040174,0.09747808805563685
Mississippi,other_disbursement_perlm,0.4938316664593561,0.3967361961034241,-0.09709547035593202
New York,other_disbursement_perlm,2.536995027938452,2.445766596452321,-0.09122843148613091
Wyoming,other_disbursement_perlm,0.5814169713517231,0.4976698025801061,-0.08374716877161698
Hawaii,other_disbursement_perlm,0.3839553101465879,0.3065714900436239,-0.07738382010296402
Vermont,other_disbursement_perlm,1.944782571331265,2.019732927744569,0.07495035641330405
Missouri,other_disbursement_perlm,0.8091947193177004,0.8838371688299902,0.07464244951228982
Kentucky,other_disbursement_perlm,0.7354265487458066,0.6780783992328946,-0.057348149512912006
Indiana,other_disbursement_perlm,0.2593388302164586,0.2026709050837961,-0.0566679251326625
Illinois,other_disbursement_perlm,0.9284378720032486,0.9693590631197845,0.040921191116535915
North Carolina,other_disbursement_perlm,0.4517995247051952,0.4109581444227013,-0.0408413802824939
Oregon,other_disbursement_perlm,1.322286229513459,1.285619247835468,-0.036666981677990984
West Virginia,other_disbursement_perlm,0.4300492717482075,0.4010302277091328,-0.029019044039074682
Nebraska,other_disbursement_perlm,0.6122622963187295,0.5902752638181615,-0.021987032500567993
Connecticut,other_disbursement_perlm,0.714706534302798,0.6957518110705576,-0.018954723232240345
Georgia,other_disbursement_perlm,0.3957012822449435,0.3780956870288102,-0.017605595216133307
Nevada,other_disbursement_perlm,1.149196061970363,1.133233195507545,-0.01596286646281797
Maine,other_disbursement_perlm,0.6082340142477216,0.6198820721727675,0.011648057925045863
South Carolina,other_disbursement_perlm,0.01907495347097707,0.009339233094551768,-0.0097357203764253
Tennessee,other_disbursement_perlm,0.04349941082066638,0.03587177561103919,-0.007627635209627184
Alabama,other_fatalities_per_100m_vmt,0.9396674647851151,NA,NA
Alaska,other_fatalities_per_100m_vmt,0.5946395291526728,NA,NA
Arizona,other_fatalities_per_100m_vmt,1.364828892028276,NA,NA
Arkansas,other_fatalities_per_100m_vmt,1.118006662128338,NA,NA
California,other_fatalities_per_100m_vmt,1.149638332683033,NA,NA
Colorado,other_fatalities_per_100m_vmt,0.9906495950193958,NA,NA
Connecticut,other_fatalities_per_100m_vmt,0.925573138971331,NA,NA
Delaware,other_fatalities_per_100m_vmt,1.096877722649763,NA,NA
Florida,other_fatalities_per_100m_vmt,0.9066774214581077,NA,NA
Georgia,other_fatalities_per_100m_vmt,0.9355920309180672,NA,NA
Hawaii,other_fatalities_per_100m_vmt,0.3854314420353214,NA,NA
Idaho,other_fatalities_per_100m_vmt,1.093536666821089,NA,NA
Illinois,other_fatalities_per_100m_vmt,1.000111946996911,NA,NA
Indiana,other_fatalities_per_100m_vmt,0.7613676862342358,NA,NA
Iowa,other_fatalities_per_100m_vmt,0.9043185163260969,NA,NA
Kansas,other_fatalities_per_100m_vmt,1.003344551953917,NA,NA
Kentucky,other_fatalities_per_100m_vmt,1.568865643679697,NA,NA
Louisiana,other_fatalities_per_100m_vmt,1.160897440299173,NA,NA
Maine,other_fatalities_per_100m_vmt,0.7981740360590401,NA,NA
Maryland,other_fatalities_per_100m_vmt,0.8131779246271441,NA,NA
Massachusetts,other_fatalities_per_100m_vmt,0.442208183125848,NA,NA
Michigan,other_fatalities_per_100m_vmt,0.9123542846443682,NA,NA
Minnesota,other_fatalities_per_100m_vmt,0.6086374456205406,NA,NA
Mississippi,other_fatalities_per_100m_vmt,1.357688370852327,NA,NA
Missouri,other_fatalities_per_100m_vmt,0.8254510777448579,NA,NA
Montana,other_fatalities_per_100m_vmt,1.003443424872317,NA,NA
Nebraska,other_fatalities_per_100m_vmt,0.9024708141928895,NA,NA
Nevada,other_fatalities_per_100m_vmt,0.9933853215063598,NA,NA
New Hampshire,other_fatalities_per_100m_vmt,0.888087406946486,NA,NA
New Jersey,other_fatalities_per_100m_vmt,0.5663090126677489,NA,NA
New Mexico,other_fatalities_per_100m_vmt,0.9207907847710759,NA,NA
New York,other_fatalities_per_100m_vmt,0.7146747276782678,NA,NA
North Carolina,other_fatalities_per_100m_vmt,1.050115226087627,NA,NA
North Dakota,other_fatalities_per_100m_vmt,0.7855463224368014,NA,NA
Ohio,other_fatalities_per_100m_vmt,0.984989888866707,NA,NA
Oklahoma,other_fatalities_per_100m_vmt,1.342283936010153,NA,NA
Oregon,other_fatalities_per_100m_vmt,1.22797655688375,NA,NA
Pennsylvania,other_fatalities_per_100m_vmt,1.097425571421615,NA,NA
Rhode Island,other_fatalities_per_100m_vmt,0.8237570403867903,NA,NA
South Carolina,other_fatalities_per_100m_vmt,1.35233834515254,NA,NA
South Dakota,other_fatalities_per_100m_vmt,1.293004340540811,NA,NA
Tennessee,other_fatalities_per_100m_vmt,1.256941863008133,NA,NA
Texas,other_fatalities_per_100m_vmt,1.270801027986325,NA,NA
Utah,other_fatalities_per_100m_vmt,0.5529476866353696,NA,NA
Vermont,other_fatalities_per_100m_vmt,0.7228179644192425,NA,NA
Virginia,other_fatalities_per_100m_vmt,0.9427822579134656,NA,NA
Washington,other_fatalities_per_100m_vmt,1.120551187325927,NA,NA
West Virginia,other_fatalities_per_100m_vmt,1.402761919633007,NA,NA
Wisconsin,other_fatalities_per_100m_vmt,0.6890047038716197,NA,NA
Wyoming,other_fatalities_per_100m_vmt,0.6962561267170043,NA,NA
Washington,overall,1.51421924158728,2.05009969127741,0.5358804496901299
Alaska,overall,1.983050965173927,2.482171286864272,0.49912032169034504
Hawaii,overall,1.301400563600637,1.570203652066729,0.26880308846609213
Vermont,overall,1.103119417390786,1.342072817732619,0.2389534003418332
Alabama,overall,0.6825848373053484,0.473126743259761,-0.20945809404558735
South Carolina,overall,0.6359174730511762,0.4355165768892297,-0.2004008961619465
Arkansas,overall,0.8625941706205821,0.6644939220863594,-0.1981002485342227
Oregon,overall,1.009296240921843,0.8159547742171458,-0.1933414667046971
Kentucky,overall,0.7696459208585147,0.5792321120344598,-0.1904138088240549
Mississippi,overall,0.8909687023462364,0.7088355867760722,-0.1821331155701642
Wyoming,overall,0.8587923796638515,0.6862226813706762,-0.17256969829317526
Florida,overall,0.7228261760236764,0.5591142014605908,-0.16371197456308562
Massachusetts,overall,0.8286339955697763,0.9877358341168692,0.1591018385470928
New Jersey,overall,1.144156058584136,1.297517633636079,0.15336157505194303
New York,overall,1.449346554933054,1.59608740880763,0.14674085387457603
Kansas,overall,0.8348134266218049,0.9791584141630237,0.14434498754121883
Colorado,overall,1.219971228079087,1.355715567150904,0.13574433907181693
Maryland,overall,1.016088297437094,1.134990196922362,0.11890189948526797
Minnesota,overall,0.7018107568433571,0.8065217238606521,0.10471096701729499
Montana,overall,0.8742636414642769,0.7745743753271712,-0.09968926613710571
Utah,overall,0.6975822511562948,0.6021493840283746,-0.0954328671279202
Indiana,overall,0.8287105608365323,0.9187029703155221,0.08999240947898979
North Carolina,overall,0.6480142265591631,0.5598147303388533,-0.08819949622030976
Nebraska,overall,0.9367050647257076,0.859283130622752,-0.07742193410295561
Georgia,overall,0.6235458315023327,0.5470423603079974,-0.07650347119433532
North Dakota,overall,0.6761069244423078,0.5998378389308298,-0.07626908551147804
Wisconsin,overall,1.006603857766246,1.082083541459507,0.07547968369326097
Nevada,overall,0.9071532194071061,0.8337691175769002,-0.07338410183020594
Tennessee,overall,0.7166949338757044,0.6453484324967789,-0.07134650137892551
Idaho,overall,0.9122115246331777,0.8467107385875292,-0.06550078604564846
Maine,overall,0.797249282294701,0.858408900502364,0.061159618207662914
Ohio,overall,0.6560089754274583,0.607275090671691,-0.04873388475576723
Rhode Island,overall,1.300719857015386,1.255554207358071,-0.045165649657314955
Delaware,overall,1.008905902891809,0.9647612009956837,-0.044144701896125293
New Hampshire,overall,0.7170105071762545,0.6744714219098196,-0.042539085266434906
South Dakota,overall,0.9343016396417742,0.8952831998637082,-0.03901843977806596
Michigan,overall,0.8885244874021663,0.8498971888632929,-0.03862729853887337
Texas,overall,0.9139704979442224,0.876725572858115,-0.03724492508610733
Illinois,overall,1.084930675381897,1.114509803423374,0.029579128041477
Arizona,overall,1.162169791266301,1.186907712370642,0.024737921104341032
Missouri,overall,0.6903486469827762,0.6697105386692026,-0.0206381083135736
Pennsylvania,overall,1.081657614997593,1.097762503514311,0.016104888516718097
Connecticut,overall,0.6786811313077473,0.6625899252624013,-0.016091206045345974
West Virginia,overall,0.9434984405549147,0.9325714194860965,-0.010927021068818266
Louisiana,overall,1.33214940040161,1.342800154952021,0.01065075455041109
Iowa,overall,1.051615621729442,1.06223463584407,0.010619014114628067
Virginia,overall,0.597866723956457,0.608369758430112,0.01050303447365497
California,overall,1.667791998494155,1.65733689118274,-0.010455107311414968
Oklahoma,overall,1.313631322216053,1.31260317034068,-0.0010281518753729735
New Mexico,overall,1.104417982027729,1.10489873022502,4.807481972910477e-4
West Virginia,poor_bridges_percent,2.895362657482007,2.772351675969673,-0.12301098151233392
Maine,poor_bridges_percent,2.169685750804355,2.291252229097871,0.12156647829351597
South Carolina,poor_bridges_percent,0.8173032224292639,0.9181810055459642,0.10087778311670026
Florida,poor_bridges_percent,0.5125349711173792,0.4151967377184102,-0.09733823339896902
New York,poor_bridges_percent,1.320346238231631,1.402498498167605,0.08215225993597386
Louisiana,poor_bridges_percent,1.786366456099884,1.707336409533238,-0.07903004656664603
Utah,poor_bridges_percent,0.3547049783781852,0.4330003738317756,0.07829539545359038
Kentucky,poor_bridges_percent,1.026712768105164,1.095691755021232,0.06897898691606796
North Dakota,poor_bridges_percent,1.563127379716164,1.631977687686749,0.06885030797058489
Massachusetts,poor_bridges_percent,1.252919270340213,1.319613598206858,0.06669432786664498
New Mexico,poor_bridges_percent,0.7320892852228001,0.6706945071743736,-0.061394778048426524
New Jersey,poor_bridges_percent,0.9529379819702399,0.8929987573129358,-0.05993922465730417
Vermont,poor_bridges_percent,0.3861266728913788,0.4312264226300551,0.04509974973867631
Pennsylvania,poor_bridges_percent,1.910590041389371,1.871214547826957,-0.03937549356241399
North Carolina,poor_bridges_percent,1.043957493125798,1.004718104899085,-0.03923938822671302
Illinois,poor_bridges_percent,1.352567839673857,1.389875877970298,0.037308038296441026
Connecticut,poor_bridges_percent,0.7382189617402822,0.7017458823413153,-0.036473079398966934
Mississippi,poor_bridges_percent,0.9240272141322511,0.8963106515995202,-0.027716562532730915
California,poor_bridges_percent,0.9060962348978461,0.8784337083399248,-0.02766252655792123
South Dakota,poor_bridges_percent,2.459356112777746,2.432367276005801,-0.026988836771944857
Minnesota,poor_bridges_percent,0.6337991079510854,0.6604035262794286,0.02660441832834315
Oregon,poor_bridges_percent,0.711069125082632,0.6857345600490986,-0.025334565033533374
Idaho,poor_bridges_percent,0.753132164422487,0.7280136791729949,-0.025118485249492117
Iowa,poor_bridges_percent,2.825441883704952,2.84864839585236,0.023206512147408098
Ohio,poor_bridges_percent,0.682282393669634,0.7048404252615226,0.022558031591888628
Oklahoma,poor_bridges_percent,1.166807547316466,1.144557766631165,-0.022249780685301035
Alaska,poor_bridges_percent,1.193852957435047,1.173677114643309,-0.020175842791738008
Hawaii,poor_bridges_percent,0.9884842826019296,0.9705627028506626,-0.01792157975126696
Virginia,poor_bridges_percent,0.520503585758064,0.5033375655237308,-0.017166020234333224
Arkansas,poor_bridges_percent,0.7906558772937418,0.8068553187777977,0.016199441484055943
Washington,poor_bridges_percent,0.7962105318713797,0.8106817877562473,0.01447125588486764
Nebraska,poor_bridges_percent,1.162079267174394,1.175230796870274,0.01315152969587996
Kansas,poor_bridges_percent,0.7703992184258776,0.7824804778298806,0.012081259404003064
Alabama,poor_bridges_percent,0.5081213136974758,0.4982504445757104,-0.009870869121765435
Wyoming,poor_bridges_percent,0.9580183824834095,0.9672773404832817,0.009258957999872197
Missouri,poor_bridges_percent,1.321822167457298,1.330634043614174,0.008811876156875842
Arizona,poor_bridges_percent,0.163489214870301,0.1717114563025056,0.008222241432204597
Wisconsin,poor_bridges_percent,0.9620866356225778,0.9696169367902057,0.007530301167627873
Tennessee,poor_bridges_percent,0.6481090622846868,0.655224861978378,0.007115799693691249
Nevada,poor_bridges_percent,0.1758816232500443,0.1700183134689107,-0.005863309781133613
Montana,poor_bridges_percent,1.008801442300867,1.013313270719777,0.004511828418909847
Indiana,poor_bridges_percent,0.7723218807270197,0.7764642042633283,0.004142323536308612
Rhode Island,poor_bridges_percent,2.256322818982666,2.259862939366645,0.003540120383978884
Georgia,poor_bridges_percent,0.2333766227377597,0.2368229079376493,0.0034462851998895982
Texas,poor_bridges_percent,0.1848635700854549,0.1821698820855988,-0.002693687999856087
Delaware,poor_bridges_percent,0.1850580557674379,0.1875741991439067,0.002516143376468799
New Hampshire,poor_bridges_percent,1.118571074030278,1.117261212209998,-0.0013098618202798118
Colorado,poor_bridges_percent,0.7176143085233994,0.7165233596745549,-0.0010909488488444197
Maryland,poor_bridges_percent,0.6770205250015225,0.6778591508084953,8.386258069728036e-4
Michigan,poor_bridges_percent,1.675089073731169,1.675125581168334,3.650743716510085e-5
Alabama,rural_fatalities_per_100m_vmt,1.402620178084547,NA,NA
Alaska,rural_fatalities_per_100m_vmt,1.677972447094094,NA,NA
Arizona,rural_fatalities_per_100m_vmt,1.201195967752191,NA,NA
Arkansas,rural_fatalities_per_100m_vmt,1.41325792531541,NA,NA
California,rural_fatalities_per_100m_vmt,1.119469832547991,NA,NA
Colorado,rural_fatalities_per_100m_vmt,1.084293194472517,NA,NA
Connecticut,rural_fatalities_per_100m_vmt,0.8396409151286952,NA,NA
Delaware,rural_fatalities_per_100m_vmt,1.270708908323039,NA,NA
Florida,rural_fatalities_per_100m_vmt,1.084029398825161,NA,NA
Georgia,rural_fatalities_per_100m_vmt,0.929034865823454,NA,NA
Hawaii,rural_fatalities_per_100m_vmt,1.598802335116992,NA,NA
Idaho,rural_fatalities_per_100m_vmt,1.117831665706895,NA,NA
Illinois,rural_fatalities_per_100m_vmt,0.9366171415298672,NA,NA
Indiana,rural_fatalities_per_100m_vmt,0.993583525335203,NA,NA
Iowa,rural_fatalities_per_100m_vmt,0.8281776964881369,NA,NA
Kansas,rural_fatalities_per_100m_vmt,1.020227639904945,NA,NA
Kentucky,rural_fatalities_per_100m_vmt,0.7476693033555211,NA,NA
Louisiana,rural_fatalities_per_100m_vmt,0.8971413092498451,NA,NA
Maine,rural_fatalities_per_100m_vmt,0.3738067344891116,NA,NA
Maryland,rural_fatalities_per_100m_vmt,0.03551519988666422,NA,NA
Massachusetts,rural_fatalities_per_100m_vmt,0.2874593535900621,NA,NA
Michigan,rural_fatalities_per_100m_vmt,0.6029092314080667,NA,NA
Minnesota,rural_fatalities_per_100m_vmt,0.547088850295907,NA,NA
Mississippi,rural_fatalities_per_100m_vmt,1.143351357897894,NA,NA
Missouri,rural_fatalities_per_100m_vmt,0.7981524139754359,NA,NA
Montana,rural_fatalities_per_100m_vmt,1.301909603221328,NA,NA
Nebraska,rural_fatalities_per_100m_vmt,0.7674114088762599,NA,NA
Nevada,rural_fatalities_per_100m_vmt,1.249044272409676,NA,NA
New Hampshire,rural_fatalities_per_100m_vmt,0.73895404918621,NA,NA
New Jersey,rural_fatalities_per_100m_vmt,0.8054471394618585,NA,NA
New Mexico,rural_fatalities_per_100m_vmt,1.165154993232086,NA,NA
New York,rural_fatalities_per_100m_vmt,0.75544332952897,NA,NA
North Carolina,rural_fatalities_per_100m_vmt,1.067352540847431,NA,NA
North Dakota,rural_fatalities_per_100m_vmt,0.9904464092690939,NA,NA
Ohio,rural_fatalities_per_100m_vmt,0.5558845533608685,NA,NA
Oklahoma,rural_fatalities_per_100m_vmt,0.9323078739683537,NA,NA
Oregon,rural_fatalities_per_100m_vmt,1.51176196971043,NA,NA
Pennsylvania,rural_fatalities_per_100m_vmt,0.659472162983554,NA,NA
Rhode Island,rural_fatalities_per_100m_vmt,0.4311016418149753,NA,NA
South Carolina,rural_fatalities_per_100m_vmt,1.612680272655002,NA,NA
South Dakota,rural_fatalities_per_100m_vmt,0.860483380727471,NA,NA
Tennessee,rural_fatalities_per_100m_vmt,0.8906047313178905,NA,NA
Texas,rural_fatalities_per_100m_vmt,1.272556146654408,NA,NA
Utah,rural_fatalities_per_100m_vmt,0.9136080822540719,NA,NA
Vermont,rural_fatalities_per_100m_vmt,0.7440499932755942,NA,NA
Virginia,rural_fatalities_per_100m_vmt,1.022062754293901,NA,NA
Washington,rural_fatalities_per_100m_vmt,1.090875621042141,NA,NA
West Virginia,rural_fatalities_per_100m_vmt,1.058931045958686,NA,NA
Wisconsin,rural_fatalities_per_100m_vmt,0.7774879771906189,NA,NA
Wyoming,rural_fatalities_per_100m_vmt,1.45669379001046,NA,NA
Washington,rural_interstate_poor_percent,1.904030655893764,2.904435073385776,1.000404417492012
New Mexico,rural_interstate_poor_percent,1.32096722547522,2.147443270229993,0.826476044754773
Arizona,rural_interstate_poor_percent,2.354205077060045,1.554527621050309,-0.7996774560097359
California,rural_interstate_poor_percent,3.328021329459594,2.756007519587798,-0.572013809871796
Indiana,rural_interstate_poor_percent,0.9769781871776732,1.419707906733865,0.4427297195561918
Louisiana,rural_interstate_poor_percent,2.076304541970763,1.795872724591548,-0.28043181737921485
Nebraska,rural_interstate_poor_percent,0.2584281911582811,0.5277727777711805,0.2693445866128994
Pennsylvania,rural_interstate_poor_percent,1.219154344630031,0.9623708124269743,-0.2567835322030567
Virginia,rural_interstate_poor_percent,0.2483994234200583,0.4907540787728799,0.2423546553528216
Colorado,rural_interstate_poor_percent,3.28977119369247,3.530626951776008,0.24085575808353799
Missouri,rural_interstate_poor_percent,0.5114871511875014,0.7270680665378959,0.21558091535039448
Montana,rural_interstate_poor_percent,0.681168407707187,0.4682188669586645,-0.21294954074852251
Rhode Island,rural_interstate_poor_percent,0.2102485111995552,0,-0.2102485111995552
Massachusetts,rural_interstate_poor_percent,0.9191695037364453,0.724303678241536,-0.19486582549490938
Arkansas,rural_interstate_poor_percent,1.094846083608819,0.9010387909875616,-0.1938072926212574
New Jersey,rural_interstate_poor_percent,0.4169084193309607,0.6071251522102397,0.19021673287927898
New York,rural_interstate_poor_percent,0.9501304740759474,0.7791547734297884,-0.17097570064615897
Kentucky,rural_interstate_poor_percent,0.5680331486308534,0.4143413379172157,-0.1536918107136377
Mississippi,rural_interstate_poor_percent,0.8276239506665428,0.9433471087059745,0.11572315803943167
South Carolina,rural_interstate_poor_percent,0.68014950448373,0.5668821938130079,-0.11326731067072215
New Hampshire,rural_interstate_poor_percent,0.1772776044940391,0.0705478656454789,-0.1067297388485602
Nevada,rural_interstate_poor_percent,0.2429340691498245,0.1394497076498046,-0.10348436150001988
Oklahoma,rural_interstate_poor_percent,0.7826576548533456,0.8679415792230573,0.08528392436971166
Alabama,rural_interstate_poor_percent,0.7901388763690342,0.7162469410731637,-0.07389193529587057
Wyoming,rural_interstate_poor_percent,0.6530286135231241,0.5828327766094176,-0.07019583691370657
Oregon,rural_interstate_poor_percent,0.31426856369128,0.2442738548810911,-0.06999470881018888
Georgia,rural_interstate_poor_percent,0.3459538904946386,0.4155847227491939,0.0696308322545553
Iowa,rural_interstate_poor_percent,0.8023433011519795,0.8709895404728789,0.06864623932089942
Wisconsin,rural_interstate_poor_percent,0.6280213647205253,0.6902941379954214,0.06227277327489611
Florida,rural_interstate_poor_percent,0.07911264550558872,0.1346739857851094,0.05556134027952067
Tennessee,rural_interstate_poor_percent,0.2915626398731239,0.3433372194317119,0.051774579558587996
Ohio,rural_interstate_poor_percent,0.4346753251787988,0.4859053617727038,0.051230036593905015
North Carolina,rural_interstate_poor_percent,0.4637189799835486,0.514184530817918,0.05046555083436943
Illinois,rural_interstate_poor_percent,0.60504886115868,0.6529803823467585,0.04793152118807853
Kansas,rural_interstate_poor_percent,0.2846867159302585,0.2422079025203656,-0.04247881340989293
West Virginia,rural_interstate_poor_percent,0.8758535445031225,0.9124974859722969,0.03664394146917438
Minnesota,rural_interstate_poor_percent,0.2309732723138808,0.1984027485362007,-0.03257052377768008
Michigan,rural_interstate_poor_percent,1.048908787945489,1.019248878529075,-0.029659909416414054
Alaska,rural_interstate_poor_percent,4.9557165043524964,4.926132398160296,-0.029584106192200643
Maryland,rural_interstate_poor_percent,0.6906308566021727,0.6695223755510638,-0.021108481051108963
North Dakota,rural_interstate_poor_percent,0.2148608511882634,0.2326936116535781,0.017832760465314706
South Dakota,rural_interstate_poor_percent,0.1399066911236666,0.151481846373294,0.011575155249627406
Utah,rural_interstate_poor_percent,0.219967958863206,0.2288623133913589,0.008894354528152904
Vermont,rural_interstate_poor_percent,0.4320975645108256,0.4243113561860449,-0.007786208324780719
Texas,rural_interstate_poor_percent,0.477074666867287,0.4824333801844599,0.005358713317172914
Idaho,rural_interstate_poor_percent,0.4831773510676245,0.4811921118629402,-0.001985239204684297
Maine,rural_interstate_poor_percent,0.08823961025362868,0.0885183705700481,2.7876031641942134e-4
Connecticut,rural_interstate_poor_percent,0.01546466254479549,0.01538557866241582,-7.908388237966996e-5
Delaware,rural_interstate_poor_percent,NA,NA,NA
Hawaii,rural_interstate_poor_percent,NA,3.433092135917911,NA
Alaska,rural_opa_poor_percent,10.63993265327039,13.39337924689598,2.75344659362559
Nebraska,rural_opa_poor_percent,2.034286467301081,0.7593405197421154,-1.2749459475589657
Rhode Island,rural_opa_poor_percent,5.938679943597233,4.855515006617974,-1.0831649369792586
Connecticut,rural_opa_poor_percent,1.22989502405996,1.797467721193777,0.5675726971338171
Arizona,rural_opa_poor_percent,1.838497197288097,2.321246711943953,0.482749514655856
Colorado,rural_opa_poor_percent,1.293409155354229,1.750307216898924,0.4568980615446949
New Jersey,rural_opa_poor_percent,1.021809984107647,1.475209164352687,0.4533991802450401
Oregon,rural_opa_poor_percent,0.8181193156521239,0.3936379736038624,-0.42448134204826155
West Virginia,rural_opa_poor_percent,1.540818191944081,1.891333552300565,0.3505153603564839
Massachusetts,rural_opa_poor_percent,0.5283741971192827,0.1857955021365204,-0.3425786949827623
Tennessee,rural_opa_poor_percent,0.8863837956390725,1.221660541659172,0.3352767460200994
Louisiana,rural_opa_poor_percent,2.67197024088364,2.986195599792868,0.3142253589092281
Kentucky,rural_opa_poor_percent,0.5188103213897088,0.2129813341281091,-0.30582898726159974
Pennsylvania,rural_opa_poor_percent,1.573560701197665,1.302544402056047,-0.27101629914161784
Mississippi,rural_opa_poor_percent,1.409724875163748,1.144299184004947,-0.2654256911588009
Idaho,rural_opa_poor_percent,0.5978279955129476,0.8587414215994613,0.2609134260865137
North Dakota,rural_opa_poor_percent,0.8126357937903714,0.5869755332055396,-0.2256602605848318
New Hampshire,rural_opa_poor_percent,0.4856128370084132,0.2780565329131561,-0.2075563040952571
Washington,rural_opa_poor_percent,0.9555205793186922,1.140330802003307,0.18481022268461478
South Dakota,rural_opa_poor_percent,0.5898802269012373,0.7558649544877212,0.16598472758648386
Iowa,rural_opa_poor_percent,1.729328633816181,1.601204011308867,-0.12812462250731405
Utah,rural_opa_poor_percent,0.3806778631998383,0.2614532931323879,-0.11922457006745041
Indiana,rural_opa_poor_percent,0.2044410705351135,0.3197317837348382,0.11529071319972467
Virginia,rural_opa_poor_percent,0.3883220361494183,0.5006373644797254,0.11231532833030711
Alabama,rural_opa_poor_percent,0.235191891090527,0.3473121067993641,0.1121202157088371
North Carolina,rural_opa_poor_percent,0.6260947128224265,0.5186220694597287,-0.1074726433626978
Arkansas,rural_opa_poor_percent,0.8376843868161776,0.7434780105210955,-0.0942063762950821
Hawaii,rural_opa_poor_percent,3.859573524270966,3.95296086147177,0.09338733720080405
Montana,rural_opa_poor_percent,0.8720214844490485,0.9620079293530099,0.08998644490396146
Ohio,rural_opa_poor_percent,0.3581695999214482,0.4390426452245062,0.080873045303058
Minnesota,rural_opa_poor_percent,0.6653816999576683,0.7453603100308376,0.07997861007316931
Maryland,rural_opa_poor_percent,0.9969135788695546,0.9297187348564605,-0.06719484401309406
Vermont,rural_opa_poor_percent,1.85900469754476,1.795922227469368,-0.06308247007539203
Wisconsin,rural_opa_poor_percent,1.821098148863753,1.764533859218351,-0.056564289645401944
South Carolina,rural_opa_poor_percent,0.6307232493557264,0.5750700015968063,-0.05565324775892011
Maine,rural_opa_poor_percent,1.830413955670263,1.885779083025577,0.05536512735531396
Illinois,rural_opa_poor_percent,2.321055992716456,2.271721609045647,-0.04933438367080889
New Mexico,rural_opa_poor_percent,1.497489373793421,1.546548735380322,0.04905936158690105
California,rural_opa_poor_percent,1.81057994012489,1.858948492856903,0.04836855273201279
Texas,rural_opa_poor_percent,0.408459232711797,0.4554971984010375,0.04703796568924046
Delaware,rural_opa_poor_percent,0.2357686109564302,0.2756647948628159,0.03989618390638572
Florida,rural_opa_poor_percent,0.263209844680736,0.2284037734916452,-0.03480607118909079
Georgia,rural_opa_poor_percent,0.1935561488903614,0.1609624012231248,-0.032593747667236606
Oklahoma,rural_opa_poor_percent,2.053850222633794,2.080421926662737,0.026571704028943266
New York,rural_opa_poor_percent,0.9008056430204774,0.9262800385420014,0.025474395521523974
Missouri,rural_opa_poor_percent,0.4283564961395795,0.4036881503501098,-0.024668345789469692
Kansas,rural_opa_poor_percent,0.3373722148931939,0.3560492868934582,0.018677072000264305
Wyoming,rural_opa_poor_percent,0.1340862409324405,0.1486481678661591,0.014561926933718577
Nevada,rural_opa_poor_percent,0.1618478051932018,0.1528485071031518,-0.008999298090050012
Michigan,rural_opa_poor_percent,0.52368998063394,0.524930647902506,0.0012406672685659759
Arizona,state_avg_congestion_hours,0.3912224115149758,0.8768246738534052,0.48560226233842946
Massachusetts,state_avg_congestion_hours,1.830551288131931,1.595180933273944,-0.23537035485798707
Minnesota,state_avg_congestion_hours,0.5020195232857847,0.6357628403919389,0.13374331710615417
Delaware,state_avg_congestion_hours,1.558043608893088,1.691024825583768,0.13298121669068008
Colorado,state_avg_congestion_hours,0.7974978342494194,0.8919782580035839,0.09448042375416443
Nevada,state_avg_congestion_hours,0.7322144858404214,0.6385467594091583,-0.09366772643126309
Rhode Island,state_avg_congestion_hours,0.8967550869205639,0.8142909424216297,-0.08246414449893424
New York,state_avg_congestion_hours,1.751422527650714,1.671184520114344,-0.08023800753637
Washington,state_avg_congestion_hours,0.9600951908259265,0.897134008029268,-0.06296118279665852
Connecticut,state_avg_congestion_hours,0.6697463747997793,0.6068182323632738,-0.06292814243650546
California,state_avg_congestion_hours,1.403294505435226,1.345669799004867,-0.057624706430358996
Idaho,state_avg_congestion_hours,0.4909629894198494,0.4387674345754088,-0.052195554844440606
New Jersey,state_avg_congestion_hours,2.40968774008179,2.358458389092323,-0.051229350989467015
Montana,state_avg_congestion_hours,0.3587687130506382,0.3112331117892542,-0.04753560126138395
Michigan,state_avg_congestion_hours,0.4140047745463546,0.4567964782228926,0.04279170367653801
New Hampshire,state_avg_congestion_hours,0.7274184399388386,0.6876094790155357,-0.03980896092330288
Pennsylvania,state_avg_congestion_hours,1.095447550479939,1.133603877117094,0.03815632663715496
Nebraska,state_avg_congestion_hours,0.4932613044641691,0.5295510947321287,0.03628979026795959
Virginia,state_avg_congestion_hours,0.9326884536105919,0.8992981664857672,-0.033390287124824725
Kentucky,state_avg_congestion_hours,0.6311536819115983,0.6614036306080202,0.030249948696421947
Ohio,state_avg_congestion_hours,0.4517132503965666,0.4817497110628761,0.030036460666309495
Oregon,state_avg_congestion_hours,0.7765263986266333,0.7465181611807339,-0.03000823744589942
Arkansas,state_avg_congestion_hours,0.4301656331920324,0.4586380888054526,0.02847245561342021
Tennessee,state_avg_congestion_hours,0.8586410679947853,0.8857286715073891,0.027087603512603753
Wisconsin,state_avg_congestion_hours,0.4804637114591407,0.5061089799780579,0.02564526851891724
Georgia,state_avg_congestion_hours,1.312697506950875,1.338283006133614,0.02558549918273889
North Dakota,state_avg_congestion_hours,0.2808075849721724,0.3055357953186162,0.02472821034644379
Oklahoma,state_avg_congestion_hours,0.4236728065972077,0.4466258750534269,0.022953068456219194
New Mexico,state_avg_congestion_hours,0.4028718759552778,0.4256826863809063,0.02281081042562849
Iowa,state_avg_congestion_hours,0.2794968522328068,0.3022058575412574,0.022709005308450603
Kansas,state_avg_congestion_hours,0.2899109496633218,0.3099189665585429,0.02000801689522108
Utah,state_avg_congestion_hours,0.4606007192993712,0.4803001184380062,0.019699399138635
Indiana,state_avg_congestion_hours,0.6929526932426002,0.6738271690888809,-0.019125524153719375
Missouri,state_avg_congestion_hours,0.6142407330003378,0.5976387215346789,-0.016602011465658872
West Virginia,state_avg_congestion_hours,0.354321392364114,0.3400663261402776,-0.014255066223836377
Maryland,state_avg_congestion_hours,1.253305429898466,1.266266182426633,0.012960752528166974
Illinois,state_avg_congestion_hours,1.305181022518782,1.294692842874841,-0.010488179643941109
Mississippi,state_avg_congestion_hours,0.3963969070073471,0.3868294109110898,-0.009567496096257289
Texas,state_avg_congestion_hours,1.054165452017108,1.063061475599701,0.008896023582593005
Alabama,state_avg_congestion_hours,0.4120209483119893,0.405109024447008,-0.006911923864981295
Vermont,state_avg_congestion_hours,0.3558371608495657,0.3498482074992282,-0.0059889533503375
South Dakota,state_avg_congestion_hours,0.3695475455196177,0.3641988283197429,-0.005348717199874842
Wyoming,state_avg_congestion_hours,0.3293521551908259,0.3243338483540565,-0.005018306836769404
Louisiana,state_avg_congestion_hours,0.6731962364478044,0.6682091536010842,-0.0049870828467201145
South Carolina,state_avg_congestion_hours,0.613363794029307,0.6087973186719949,-0.004566475357312028
Alaska,state_avg_congestion_hours,0.3795323296163987,0.3749940794214174,-0.00453825019498133
North Carolina,state_avg_congestion_hours,0.6908233278150376,0.6953554686195191,0.004532140804481499
Maine,state_avg_congestion_hours,0.3636326084834958,0.3598295010186759,-0.0038031074648199326
Florida,state_avg_congestion_hours,1.052937575874286,1.050460608034202,-0.002476967840083999
Hawaii,state_avg_congestion_hours,0.4687397458777656,0.4691119144489291,3.721685711634559e-4
Alabama,urban_fatalities_per_100m_vmt,1.021569785028302,NA,NA
Alaska,urban_fatalities_per_100m_vmt,0.6693957825858716,NA,NA
Arizona,urban_fatalities_per_100m_vmt,1.293157467896228,NA,NA
Arkansas,urban_fatalities_per_100m_vmt,1.143019033314474,NA,NA
California,urban_fatalities_per_100m_vmt,1.019591645640068,NA,NA
Colorado,urban_fatalities_per_100m_vmt,1.191492598742198,NA,NA
Connecticut,urban_fatalities_per_100m_vmt,0.7564634127142066,NA,NA
Delaware,urban_fatalities_per_100m_vmt,1.057944325889618,NA,NA
Florida,urban_fatalities_per_100m_vmt,1.3979372639021,NA,NA
Georgia,urban_fatalities_per_100m_vmt,1.175158781612582,NA,NA
Hawaii,urban_fatalities_per_100m_vmt,1.209027629686322,NA,NA
Idaho,urban_fatalities_per_100m_vmt,0.991484013611354,NA,NA
Illinois,urban_fatalities_per_100m_vmt,0.9299633709959401,NA,NA
Indiana,urban_fatalities_per_100m_vmt,0.811231724903219,NA,NA
Iowa,urban_fatalities_per_100m_vmt,0.9460967567971321,NA,NA
Kansas,urban_fatalities_per_100m_vmt,0.6175912223017477,NA,NA
Kentucky,urban_fatalities_per_100m_vmt,1.283114075700842,NA,NA
Louisiana,urban_fatalities_per_100m_vmt,1.127040222476954,NA,NA
Maine,urban_fatalities_per_100m_vmt,0.6220581215236657,NA,NA
Maryland,urban_fatalities_per_100m_vmt,1.122471106868491,NA,NA
Massachusetts,urban_fatalities_per_100m_vmt,0.4994284679400253,NA,NA
Michigan,urban_fatalities_per_100m_vmt,0.9220233835845454,NA,NA
Minnesota,urban_fatalities_per_100m_vmt,0.3822814433080522,NA,NA
Mississippi,urban_fatalities_per_100m_vmt,1.625706050738853,NA,NA
Missouri,urban_fatalities_per_100m_vmt,1.060484493959637,NA,NA
Montana,urban_fatalities_per_100m_vmt,1.351127104876817,NA,NA
Nebraska,urban_fatalities_per_100m_vmt,0.6924091023515386,NA,NA
Nevada,urban_fatalities_per_100m_vmt,1.188303184601311,NA,NA
New Hampshire,urban_fatalities_per_100m_vmt,0.5188314697579546,NA,NA
New Jersey,urban_fatalities_per_100m_vmt,0.6998452640681005,NA,NA
New Mexico,urban_fatalities_per_100m_vmt,2.083545864182021,NA,NA
New York,urban_fatalities_per_100m_vmt,0.8005137428721144,NA,NA
North Carolina,urban_fatalities_per_100m_vmt,0.7732155562520265,NA,NA
North Dakota,urban_fatalities_per_100m_vmt,0.4817056998586647,NA,NA
Ohio,urban_fatalities_per_100m_vmt,0.8038137726740364,NA,NA
Oklahoma,urban_fatalities_per_100m_vmt,1.323299022068648,NA,NA
Oregon,urban_fatalities_per_100m_vmt,1.171083250941862,NA,NA
Pennsylvania,urban_fatalities_per_100m_vmt,0.9191920915796696,NA,NA
Rhode Island,urban_fatalities_per_100m_vmt,0.8222627078549862,NA,NA
South Carolina,urban_fatalities_per_100m_vmt,1.226748681219191,NA,NA
South Dakota,urban_fatalities_per_100m_vmt,0.6562775323793204,NA,NA
Tennessee,urban_fatalities_per_100m_vmt,1.50030050802513,NA,NA
Texas,urban_fatalities_per_100m_vmt,1.015169395845254,NA,NA
Utah,urban_fatalities_per_100m_vmt,0.6831838268038163,NA,NA
Vermont,urban_fatalities_per_100m_vmt,0.6014654507181538,NA,NA
Virginia,urban_fatalities_per_100m_vmt,0.599441518924899,NA,NA
Washington,urban_fatalities_per_100m_vmt,1.066146883901456,NA,NA
West Virginia,urban_fatalities_per_100m_vmt,1.132998619700502,NA,NA
Wisconsin,urban_fatalities_per_100m_vmt,0.5814263417631047,NA,NA
Wyoming,urban_fatalities_per_100m_vmt,1.811944766323546,NA,NA
California,urban_interstate_poor_percent,2.244151909235503,1.823141479848573,-0.4210104293869299
Delaware,urban_interstate_poor_percent,1.720086572293158,1.323094096015478,-0.39699247627768
New Mexico,urban_interstate_poor_percent,0.9539992372022977,1.324183329369569,0.37018409216727133
Virginia,urban_interstate_poor_percent,0.5933992479833987,0.9460900051729214,0.3526907571895227
South Carolina,urban_interstate_poor_percent,0.2454456625265073,0.5975888047625311,0.3521431422360238
Indiana,urban_interstate_poor_percent,0.6730193741217584,1.017754487455121,0.3447351133333626
Wisconsin,urban_interstate_poor_percent,1.039509117186945,0.7361909956654326,-0.3033181215215125
Louisiana,urban_interstate_poor_percent,2.980589129146233,2.726482932022324,-0.2541061971239089
New York,urban_interstate_poor_percent,1.952446863045644,2.200459451075125,0.24801258802948123
Nevada,urban_interstate_poor_percent,0.5952146045925314,0.3617000084286194,-0.233514596163912
New Jersey,urban_interstate_poor_percent,1.380991024531314,1.159920542229745,-0.221070482301569
Iowa,urban_interstate_poor_percent,0.9546078571150259,0.7578249422861457,-0.19678291482888022
Rhode Island,urban_interstate_poor_percent,0.3449413139074716,0.1608284295981063,-0.18411288430936532
Alabama,urban_interstate_poor_percent,0.8489543281514237,0.6689439992988344,-0.18001032885258927
Hawaii,urban_interstate_poor_percent,3.613541202643324,3.786928095577968,0.17338689293464382
Washington,urban_interstate_poor_percent,0.8074863749238854,0.975060570841201,0.1675741959173156
Pennsylvania,urban_interstate_poor_percent,1.256545962132506,1.404796235942467,0.14825027380996114
Oklahoma,urban_interstate_poor_percent,1.245557030037006,1.103159273498292,-0.142397756538714
Arkansas,urban_interstate_poor_percent,1.144246165168814,1.009822717626607,-0.13442344754220703
Massachusetts,urban_interstate_poor_percent,0.5656627936481932,0.6728119505155246,0.1071491568673314
Colorado,urban_interstate_poor_percent,1.649981640321909,1.562052877917234,-0.08792876240467495
Alaska,urban_interstate_poor_percent,0.2978388687393364,0.3792932045112647,0.08145433577192829
Wyoming,urban_interstate_poor_percent,1.647027787680688,1.565845671706672,-0.08118211597401603
North Dakota,urban_interstate_poor_percent,0.1444070166430984,0.06604170553614229,-0.07836531110695612
Ohio,urban_interstate_poor_percent,0.658979545546939,0.7307101165483832,0.0717305710014442
Missouri,urban_interstate_poor_percent,0.7084740238767646,0.7777690204395585,0.06929499656279392
Idaho,urban_interstate_poor_percent,0.3381226313444309,0.4020466045449957,0.06392397320056481
Mississippi,urban_interstate_poor_percent,1.069102883296896,1.123122797948854,0.05401991465195799
Tennessee,urban_interstate_poor_percent,0.3518578090694793,0.4041546555524553,0.052296846482976
Connecticut,urban_interstate_poor_percent,0.3487255341270985,0.3921757957905561,0.04345026166345761
Maine,urban_interstate_poor_percent,0.1422357658560773,0.09959238850761926,-0.04264337734845805
North Carolina,urban_interstate_poor_percent,0.5999685969704898,0.56260482586623,-0.03736377110425981
Kentucky,urban_interstate_poor_percent,1.054210430179149,1.01765876910368,-0.03655166107546903
Kansas,urban_interstate_poor_percent,0.549301967382674,0.580117266099155,0.030815298716481032
Michigan,urban_interstate_poor_percent,1.360154136372099,1.332849633143921,-0.027304503228178012
Illinois,urban_interstate_poor_percent,1.029243125006996,1.055859294650753,0.026616169643757015
South Dakota,urban_interstate_poor_percent,0.3525542065857939,0.3773530165900005,0.024798810004206584
New Hampshire,urban_interstate_poor_percent,0.02294807316382712,0,-0.02294807316382712
Utah,urban_interstate_poor_percent,0.523186348059366,0.5452004439862309,0.022014095926864874
Florida,urban_interstate_poor_percent,0.2603647544641434,0.2407397819349428,-0.01962497252920062
Minnesota,urban_interstate_poor_percent,0.4135100553796638,0.397867068708741,-0.015642986670922787
Maryland,urban_interstate_poor_percent,1.528576047245872,1.514256209933429,-0.014319837312443129
Georgia,urban_interstate_poor_percent,0.3577907246782636,0.3453856511779232,-0.012405073500340424
Oregon,urban_interstate_poor_percent,0.5496757477482259,0.5571415591091499,0.007465811360923946
Nebraska,urban_interstate_poor_percent,0.2824761930859674,0.2758963970711671,-0.006579796014800299
Montana,urban_interstate_poor_percent,0.4049496330595513,0.3994760157196676,-0.005473617339883663
Texas,urban_interstate_poor_percent,0.9984985703442875,1.00257693381607,0.004078363471782476
West Virginia,urban_interstate_poor_percent,0.8327960742438848,0.8304050688849586,-0.0023910053589262237
Vermont,urban_interstate_poor_percent,0.1655373410795291,0.1670948929463442,0.0015575518668150823
Arizona,urban_interstate_poor_percent,0.6025276273983944,0.601583770847452,-9.438565509424235e-4
West Virginia,urban_opa_poor_percent,0.2593402274336268,0.4646711270866573,0.20533089965303053
Nebraska,urban_opa_poor_percent,2.165338686666767,2.006390010233103,-0.15894867643366428
Arkansas,urban_opa_poor_percent,0.7908521706132258,0.6642285959332423,-0.12662357467998342
New Mexico,urban_opa_poor_percent,1.018441103420181,1.129740539524886,0.11129943610470505
Maine,urban_opa_poor_percent,0.8592147669576871,0.7543100415613085,-0.10490472539637852
Tennessee,urban_opa_poor_percent,0.3782484412276191,0.2747156427087664,-0.10353279851885266
Rhode Island,urban_opa_poor_percent,2.077299536734631,1.979573323621126,-0.09772621311350504
North Dakota,urban_opa_poor_percent,0.6624363412184066,0.5712927097415086,-0.09114363147689797
New Hampshire,urban_opa_poor_percent,0.2598423156434305,0.3493831510969829,0.0895408354535524
Montana,urban_opa_poor_percent,0.7390390201451579,0.8238100361789056,0.0847710160337477
Oregon,urban_opa_poor_percent,0.6620422593540402,0.7452610877930345,0.08321882843899431
Maryland,urban_opa_poor_percent,1.326608710253737,1.401001582625498,0.07439287237176107
Idaho,urban_opa_poor_percent,0.8823328080205924,0.9454795402431234,0.06314673222253098
Oklahoma,urban_opa_poor_percent,0.8523352299395638,0.7894518983352597,-0.06288333160430404
Indiana,urban_opa_poor_percent,0.1565709186008332,0.2176702867692597,0.06109936816842651
Utah,urban_opa_poor_percent,0.2678596976371625,0.2127317224393538,-0.05512797519780871
Vermont,urban_opa_poor_percent,0.6764160710565255,0.7270227052228045,0.050606634166279085
Wyoming,urban_opa_poor_percent,0.5263147742943812,0.5766022673643969,0.050287493070015676
Kansas,urban_opa_poor_percent,0.57196531356511,0.5219836391279373,-0.04998167443717272
California,urban_opa_poor_percent,2.474461474485083,2.426753188717774,-0.04770828576730901
New Jersey,urban_opa_poor_percent,1.182809990759922,1.23023411619943,0.0474241254395078
Washington,urban_opa_poor_percent,1.45941810748487,1.505843443730358,0.04642533624548806
Hawaii,urban_opa_poor_percent,1.067471695259074,1.024243729869131,-0.043227965389943
Texas,urban_opa_poor_percent,1.029429497288402,0.9880749601118354,-0.041354537176566564
Massachusetts,urban_opa_poor_percent,1.509474198273218,1.550210486857843,0.04073628858462497
Delaware,urban_opa_poor_percent,0.3743275635985961,0.4122126920757007,0.037885128477104624
Louisiana,urban_opa_poor_percent,1.302058902103874,1.267565002683829,-0.03449389942004499
Michigan,urban_opa_poor_percent,0.8994486758211797,0.8661395356055072,-0.03330914021567255
Pennsylvania,urban_opa_poor_percent,1.009315818825589,1.039929629360226,0.030613810534636965
Colorado,urban_opa_poor_percent,0.9889676249711987,0.9588068257021187,-0.030160799269079996
Connecticut,urban_opa_poor_percent,0.6234066076961315,0.6526821733681566,0.02927556567202505
Kentucky,urban_opa_poor_percent,0.2711160195555943,0.2430269471965881,-0.02808907235900618
Alaska,urban_opa_poor_percent,0.4928027390910673,0.4668749420907918,-0.025927797000275532
North Carolina,urban_opa_poor_percent,0.4166037311612161,0.3940616950635396,-0.022542036097676466
New York,urban_opa_poor_percent,1.888366872322069,1.867981184888021,-0.020385687434048005
Wisconsin,urban_opa_poor_percent,1.481736351233578,1.500438543700507,0.018702192466929057
Iowa,urban_opa_poor_percent,0.6969208128135619,0.6791801153171246,-0.017740697496437252
Virginia,urban_opa_poor_percent,0.4550887915703612,0.4720771532035531,0.016988361633191895
Missouri,urban_opa_poor_percent,0.6406084522198771,0.6274953054470301,-0.013113146772846918
Illinois,urban_opa_poor_percent,0.888531319367418,0.8781608144151217,-0.0103705049522963
Alabama,urban_opa_poor_percent,0.1297492367898402,0.1399375400426623,0.010188303252822078
Mississippi,urban_opa_poor_percent,0.8191795292790139,0.8093364061548578,-0.009843123124156139
Ohio,urban_opa_poor_percent,0.9720222967986253,0.9805053347674334,0.008483037968808116
Minnesota,urban_opa_poor_percent,0.1345801299680113,0.1292740488965809,-0.005306081071430407
Nevada,urban_opa_poor_percent,0.3651066728932982,0.3610855846320352,-0.004021088261262962
Arizona,urban_opa_poor_percent,0.6215069767356584,0.6239471128146915,0.0024401360790331506
Florida,urban_opa_poor_percent,0.1894064644506959,0.1880272757140078,-0.0013791887366881028
South Dakota,urban_opa_poor_percent,0.5659891469148236,0.5646491008120046,-0.0013400461028190147
South Carolina,urban_opa_poor_percent,0.2112926097347227,0.212530599588442,0.0012379898537193124
Georgia,urban_opa_poor_percent,0.1340068223419524,0.1345364403216295,5.296179796770994e-4
